0,0,2.0000000000000000e-02
1,1,2.0000000000000000e-02
4,4,2.0000000000000001e-04
5,5,2.0000000000000000e-02
6,6,2.0000000000000000e-02
9,9,2.0000000000000001e-04
10,10,2.0000000000000000e-02
11,11,2.0000000000000000e-02
14,14,2.0000000000000001e-04
15,15,2.0000000000000000e-02
16,16,2.0000000000000000e-02
19,19,2.0000000000000001e-04
20,20,2.0000000000000000e-02
21,21,2.0000000000000000e-02
24,24,2.0000000000000001e-04
25,25,2.0000000000000000e-02
26,26,2.0000000000000000e-02
29,29,2.0000000000000001e-04
30,30,2.0000000000000000e-02
31,31,2.0000000000000000e-02
34,34,2.0000000000000001e-04
35,35,2.0000000000000000e-02
36,36,2.0000000000000000e-02
39,39,2.0000000000000001e-04
40,40,2.0000000000000000e-02
41,41,2.0000000000000000e-02
44,44,2.0000000000000001e-04
45,45,2.0000000000000000e-02
46,46,2.0000000000000000e-02
49,49,2.0000000000000001e-04
50,50,2.0000000000000000e-02
51,51,2.0000000000000000e-02
54,54,2.0000000000000001e-04
55,55,2.0000000000000000e-02
56,56,2.0000000000000000e-02
59,59,2.0000000000000001e-04
60,60,2.0000000000000000e-02
61,61,2.0000000000000000e-02
64,64,2.0000000000000001e-04
65,65,2.0000000000000000e-02
66,66,2.0000000000000000e-02
69,69,2.0000000000000001e-04
70,70,2.0000000000000000e-02
71,71,2.0000000000000000e-02
74,74,2.0000000000000001e-04
75,75,2.0000000000000000e-02
76,76,2.0000000000000000e-02
79,79,2.0000000000000001e-04
80,80,2.0000000000000000e-02
81,81,2.0000000000000000e-02
84,84,2.0000000000000001e-04
85,85,2.0000000000000000e-02
86,86,2.0000000000000000e-02
89,89,2.0000000000000001e-04
90,90,2.0000000000000000e-02
91,91,2.0000000000000000e-02
94,94,2.0000000000000001e-04
95,95,2.0000000000000000e-02
96,96,2.0000000000000000e-02
99,99,2.0000000000000001e-04
100,100,2.0000000000000000e-02
101,101,2.0000000000000000e-02
104,104,2.0000000000000001e-04
105,105,2.0000000000000000e-02
106,106,2.0000000000000000e-02
109,109,2.0000000000000001e-04
110,110,2.0000000000000000e-02
111,111,2.0000000000000000e-02
114,114,2.0000000000000001e-04
115,115,2.0000000000000000e-02
116,116,2.0000000000000000e-02
119,119,2.0000000000000001e-04
120,120,2.0000000000000000e-02
121,121,2.0000000000000000e-02
124,124,2.0000000000000001e-04
125,125,2.0000000000000000e-02
126,126,2.0000000000000000e-02
129,129,2.0000000000000001e-04
130,130,2.0000000000000000e-02
131,131,2.0000000000000000e-02
134,134,2.0000000000000001e-04
135,135,2.0000000000000000e-02
136,136,2.0000000000000000e-02
139,139,2.0000000000000001e-04
140,140,2.0000000000000000e-02
141,141,2.0000000000000000e-02
144,144,2.0000000000000001e-04
145,145,2.0000000000000000e-02
146,146,2.0000000000000000e-02
149,149,2.0000000000000001e-04
150,150,2.0000000000000000e-02
151,151,2.0000000000000000e-02
154,154,2.0000000000000001e-04
155,155,2.0000000000000000e-02
156,156,2.0000000000000000e-02
159,159,2.0000000000000001e-04
160,160,2.0000000000000000e-02
161,161,2.0000000000000000e-02
164,164,2.0000000000000001e-04
165,165,2.0000000000000000e-02
166,166,2.0000000000000000e-02
169,169,2.0000000000000001e-04
170,170,2.0000000000000000e-02
171,171,2.0000000000000000e-02
174,174,2.0000000000000001e-04
175,175,2.0000000000000000e-02
176,176,2.0000000000000000e-02
179,179,2.0000000000000001e-04
180,180,2.0000000000000000e-02
181,181,2.0000000000000000e-02
184,184,2.0000000000000001e-04
185,185,2.0000000000000000e-02
186,186,2.0000000000000000e-02
189,189,2.0000000000000001e-04
190,190,2.0000000000000000e-02
191,191,2.0000000000000000e-02
194,194,2.0000000000000001e-04
195,195,2.0000000000000000e-02
196,196,2.0000000000000000e-02
199,199,2.0000000000000001e-04
200,200,2.0000000000000000e-02
201,201,2.0000000000000000e-02
204,204,2.0000000000000001e-04
205,205,2.0000000000000000e-02
206,206,2.0000000000000000e-02
209,209,2.0000000000000001e-04
210,210,2.0000000000000000e-02
211,211,2.0000000000000000e-02
214,214,2.0000000000000001e-04
215,215,2.0000000000000000e-02
216,216,2.0000000000000000e-02
219,219,2.0000000000000001e-04
220,220,2.0000000000000000e-02
221,221,2.0000000000000000e-02
224,224,2.0000000000000001e-04
225,225,2.0000000000000000e-02
226,226,2.0000000000000000e-02
229,229,2.0000000000000001e-04
230,230,2.0000000000000000e-02
231,231,2.0000000000000000e-02
234,234,2.0000000000000001e-04
235,235,2.0000000000000000e-02
236,236,2.0000000000000000e-02
239,239,2.0000000000000001e-04
240,240,2.0000000000000000e-02
241,241,2.0000000000000000e-02
244,244,2.0000000000000001e-04
245,245,2.0000000000000000e-02
246,246,2.0000000000000000e-02
249,249,2.0000000000000001e-04
250,250,2.0000000000000000e-02
251,251,2.0000000000000000e-02
254,254,2.0000000000000001e-04
255,255,2.0000000000000000e-02
256,256,2.0000000000000000e-02
259,259,2.0000000000000001e-04
260,260,2.0000000000000000e-02
261,261,2.0000000000000000e-02
264,264,2.0000000000000001e-04
265,265,2.0000000000000000e-02
266,266,2.0000000000000000e-02
269,269,2.0000000000000001e-04
270,270,2.0000000000000000e-02
271,271,2.0000000000000000e-02
274,274,2.0000000000000001e-04
275,275,2.0000000000000000e-02
276,276,2.0000000000000000e-02
279,279,2.0000000000000001e-04
280,280,2.0000000000000000e-02
281,281,2.0000000000000000e-02
284,284,2.0000000000000001e-04
285,285,2.0000000000000000e-02
286,286,2.0000000000000000e-02
289,289,2.0000000000000001e-04
290,290,2.0000000000000000e-02
291,291,2.0000000000000000e-02
294,294,2.0000000000000001e-04
295,295,2.0000000000000000e-02
296,296,2.0000000000000000e-02
299,299,2.0000000000000001e-04
300,300,2.0000000000000000e-02
301,301,2.0000000000000000e-02
304,304,2.0000000000000001e-04
305,305,2.0000000000000000e-02
306,306,2.0000000000000000e-02
309,309,2.0000000000000001e-04
310,310,2.0000000000000000e-02
311,311,2.0000000000000000e-02
314,314,2.0000000000000001e-04
315,315,2.0000000000000000e-02
316,316,2.0000000000000000e-02
319,319,2.0000000000000001e-04
320,320,2.0000000000000000e-02
321,321,2.0000000000000000e-02
324,324,2.0000000000000001e-04
325,325,2.0000000000000000e-02
326,326,2.0000000000000000e-02
329,329,2.0000000000000001e-04
330,330,2.0000000000000000e-02
331,331,2.0000000000000000e-02
334,334,2.0000000000000001e-04
335,335,2.0000000000000000e-02
336,336,2.0000000000000000e-02
339,339,2.0000000000000001e-04
340,340,2.0000000000000000e-02
341,341,2.0000000000000000e-02
344,344,2.0000000000000001e-04
345,345,2.0000000000000000e-02
346,346,2.0000000000000000e-02
349,349,2.0000000000000001e-04
350,350,2.0000000000000000e-02
351,351,2.0000000000000000e-02
354,354,2.0000000000000001e-04
355,355,2.0000000000000000e-02
356,356,2.0000000000000000e-02
359,359,2.0000000000000001e-04
360,360,2.0000000000000000e-02
361,361,2.0000000000000000e-02
364,364,2.0000000000000001e-04
365,365,2.0000000000000000e-02
366,366,2.0000000000000000e-02
369,369,2.0000000000000001e-04
370,370,2.0000000000000000e-02
371,371,2.0000000000000000e-02
374,374,2.0000000000000001e-04
375,375,2.0000000000000000e-02
376,376,2.0000000000000000e-02
379,379,2.0000000000000001e-04
380,380,2.0000000000000000e-02
381,381,2.0000000000000000e-02
384,384,2.0000000000000001e-04
385,385,2.0000000000000000e-02
386,386,2.0000000000000000e-02
389,389,2.0000000000000001e-04
390,390,2.0000000000000000e-02
391,391,2.0000000000000000e-02
394,394,2.0000000000000001e-04
395,395,2.0000000000000000e-02
396,396,2.0000000000000000e-02
399,399,2.0000000000000001e-04
400,400,2.0000000000000000e-02
401,401,2.0000000000000000e-02
404,404,2.0000000000000001e-04
405,405,2.0000000000000000e-02
406,406,2.0000000000000000e-02
409,409,2.0000000000000001e-04
410,410,2.0000000000000000e-02
411,411,2.0000000000000000e-02
414,414,2.0000000000000001e-04
415,415,2.0000000000000000e-02
416,416,2.0000000000000000e-02
419,419,2.0000000000000001e-04
420,420,2.0000000000000000e-02
421,421,2.0000000000000000e-02
424,424,2.0000000000000001e-04
425,425,2.0000000000000000e-02
426,426,2.0000000000000000e-02
429,429,2.0000000000000001e-04
430,430,2.0000000000000000e-02
431,431,2.0000000000000000e-02
434,434,2.0000000000000001e-04
435,435,2.0000000000000000e-02
436,436,2.0000000000000000e-02
439,439,2.0000000000000001e-04
440,440,2.0000000000000000e-02
441,441,2.0000000000000000e-02
444,444,2.0000000000000001e-04
445,445,2.0000000000000000e-02
446,446,2.0000000000000000e-02
449,449,2.0000000000000001e-04
450,450,2.0000000000000000e-02
451,451,2.0000000000000000e-02
454,454,2.0000000000000001e-04
455,455,2.0000000000000000e-02
456,456,2.0000000000000000e-02
459,459,2.0000000000000001e-04
460,460,2.0000000000000000e-02
461,461,2.0000000000000000e-02
464,464,2.0000000000000001e-04
465,465,2.0000000000000000e-02
466,466,2.0000000000000000e-02
469,469,2.0000000000000001e-04
470,470,2.0000000000000000e-02
471,471,2.0000000000000000e-02
474,474,2.0000000000000001e-04
475,475,2.0000000000000000e-02
476,476,2.0000000000000000e-02
479,479,2.0000000000000001e-04
480,480,2.0000000000000000e-02
481,481,2.0000000000000000e-02
484,484,2.0000000000000001e-04
485,485,2.0000000000000000e-02
486,486,2.0000000000000000e-02
489,489,2.0000000000000001e-04
490,490,2.0000000000000000e-02
491,491,2.0000000000000000e-02
494,494,2.0000000000000001e-04
495,495,2.0000000000000000e+02
496,496,2.0000000000000000e+02
