0,4,1.0000000000000000e+00
1,9,1.0000000000000000e+00
2,14,1.0000000000000000e+00
3,19,1.0000000000000000e+00
4,24,1.0000000000000000e+00
5,29,1.0000000000000000e+00
6,34,1.0000000000000000e+00
7,39,1.0000000000000000e+00
8,44,1.0000000000000000e+00
9,49,1.0000000000000000e+00
10,54,1.0000000000000000e+00
11,59,1.0000000000000000e+00
12,64,1.0000000000000000e+00
13,69,1.0000000000000000e+00
14,74,1.0000000000000000e+00
15,79,1.0000000000000000e+00
16,84,1.0000000000000000e+00
17,89,1.0000000000000000e+00
18,94,1.0000000000000000e+00
19,99,1.0000000000000000e+00
20,104,1.0000000000000000e+00
21,109,1.0000000000000000e+00
22,114,1.0000000000000000e+00
23,119,1.0000000000000000e+00
24,124,1.0000000000000000e+00
25,129,1.0000000000000000e+00
26,134,1.0000000000000000e+00
27,139,1.0000000000000000e+00
28,144,1.0000000000000000e+00
29,149,1.0000000000000000e+00
30,154,1.0000000000000000e+00
31,159,1.0000000000000000e+00
32,164,1.0000000000000000e+00
33,169,1.0000000000000000e+00
34,174,1.0000000000000000e+00
35,179,1.0000000000000000e+00
36,184,1.0000000000000000e+00
37,189,1.0000000000000000e+00
38,194,1.0000000000000000e+00
39,199,1.0000000000000000e+00
40,204,1.0000000000000000e+00
41,209,1.0000000000000000e+00
42,214,1.0000000000000000e+00
43,219,1.0000000000000000e+00
44,224,1.0000000000000000e+00
45,229,1.0000000000000000e+00
46,234,1.0000000000000000e+00
47,239,1.0000000000000000e+00
48,244,1.0000000000000000e+00
49,249,1.0000000000000000e+00
50,254,1.0000000000000000e+00
51,259,1.0000000000000000e+00
52,264,1.0000000000000000e+00
53,269,1.0000000000000000e+00
54,274,1.0000000000000000e+00
55,279,1.0000000000000000e+00
56,284,1.0000000000000000e+00
57,289,1.0000000000000000e+00
58,294,1.0000000000000000e+00
59,299,1.0000000000000000e+00
60,304,1.0000000000000000e+00
61,309,1.0000000000000000e+00
62,314,1.0000000000000000e+00
63,319,1.0000000000000000e+00
64,324,1.0000000000000000e+00
65,329,1.0000000000000000e+00
66,334,1.0000000000000000e+00
67,339,1.0000000000000000e+00
68,344,1.0000000000000000e+00
69,349,1.0000000000000000e+00
70,354,1.0000000000000000e+00
71,359,1.0000000000000000e+00
72,364,1.0000000000000000e+00
73,369,1.0000000000000000e+00
74,374,1.0000000000000000e+00
75,379,1.0000000000000000e+00
76,384,1.0000000000000000e+00
77,389,1.0000000000000000e+00
78,394,1.0000000000000000e+00
79,399,1.0000000000000000e+00
80,404,1.0000000000000000e+00
81,409,1.0000000000000000e+00
82,414,1.0000000000000000e+00
83,419,1.0000000000000000e+00
84,424,1.0000000000000000e+00
85,429,1.0000000000000000e+00
86,434,1.0000000000000000e+00
87,439,1.0000000000000000e+00
88,444,1.0000000000000000e+00
89,449,1.0000000000000000e+00
90,454,1.0000000000000000e+00
91,459,1.0000000000000000e+00
92,464,1.0000000000000000e+00
93,469,1.0000000000000000e+00
94,474,1.0000000000000000e+00
95,479,1.0000000000000000e+00
96,484,1.0000000000000000e+00
97,489,1.0000000000000000e+00
98,494,1.0000000000000000e+00
