0,0,-1.0000000000000000e+00
198,0,1.0000000000000000e+00
1,1,-1.0000000000000000e+00
199,1,1.0000000000000000e+00
0,2,4.7834102988325328e-02
1,2,-4.8656982235795523e-02
200,2,-7.1311108092680353e-01
0,3,-4.8656982235795523e-02
1,3,4.9494017288718654e-02
200,3,-7.0105105823998715e-01
0,4,-2.9106574731706230e-03
1,4,-2.8614328907754544e-03
0,5,1.0000000000000000e+00
2,5,-1.0000000000000000e+00
1,6,1.0000000000000000e+00
3,6,-1.0000000000000000e+00
2,7,4.8345284002771369e-02
3,7,-4.8663034056175156e-02
201,7,-7.0941909878475873e-01
2,8,-4.8663034056175156e-02
3,8,4.8982872526236766e-02
201,8,-7.0478687720432243e-01
2,9,-2.8955881583051343e-03
3,9,-2.8766811314462105e-03
2,10,1.0000000000000000e+00
4,10,-1.0000000000000000e+00
3,11,1.0000000000000000e+00
5,11,-1.0000000000000000e+00
4,12,4.9350655992202425e-02
5,12,-4.8659202478389896e-02
202,12,-7.0210071408949437e-01
4,13,-4.8659202478389910e-02
5,13,4.7977436940393525e-02
202,13,-7.1207765536844514e-01
4,14,-2.8657172003652798e-03
5,14,-2.9064394096671195e-03
4,15,1.0000000000000000e+00
6,15,-1.0000000000000000e+00
5,16,1.0000000000000000e+00
7,16,-1.0000000000000000e+00
6,17,4.9370303757470410e-02
7,17,-4.8658923163470737e-02
203,17,-7.0195695075386944e-01
6,18,-4.8658923163470744e-02
7,18,4.7957792908460396e-02
203,18,-7.1221937581641925e-01
6,19,-2.8651304112402801e-03
7,19,-2.9070178604751772e-03
6,20,1.0000000000000000e+00
8,20,-1.0000000000000000e+00
7,21,1.0000000000000000e+00
9,21,-1.0000000000000000e+00
8,22,4.8282773922683007e-02
9,22,-4.8662578602883089e-02
204,22,-7.0987157936197054e-01
8,23,-4.8662578602883089e-02
9,23,4.9045370924086049e-02
204,23,-7.0433113009020221e-01
8,24,-2.8974350178039578e-03
9,24,-2.8748209391436792e-03
8,25,1.0000000000000000e+00
10,25,-1.0000000000000000e+00
9,26,1.0000000000000000e+00
11,26,-1.0000000000000000e+00
10,27,4.9264339603871637e-02
11,27,-4.8660349322940624e-02
205,27,-7.0273204608203821e-01
10,28,-4.8660349322940631e-02
11,28,4.8063764079048443e-02
205,28,-7.1145461654932851e-01
10,29,-2.8682940656409688e-03
11,29,-2.9038963940788884e-03
10,30,1.0000000000000000e+00
12,30,-1.0000000000000000e+00
11,31,1.0000000000000000e+00
13,31,-1.0000000000000000e+00
12,32,4.8394673886331785e-02
13,32,-4.8663337125594029e-02
206,32,-7.0906138483115344e-01
12,33,-4.8663337125594029e-02
13,33,4.8933491849979222e-02
206,33,-7.0514675957656270e-01
12,34,-2.8941281013516434e-03
13,34,-2.8781500390880075e-03
12,35,1.0000000000000000e+00
14,35,-1.0000000000000000e+00
13,36,1.0000000000000000e+00
15,36,-1.0000000000000000e+00
14,37,4.7566480052359111e-02
15,37,-4.8651704943176714e-02
207,37,-7.1503661259341433e-01
14,38,-4.8651704943176714e-02
15,38,4.9761689140597455e-02
207,38,-6.9908700649556887e-01
14,39,-2.9185167860955653e-03
15,39,-2.8534163530431348e-03
14,40,1.0000000000000000e+00
16,40,-1.0000000000000000e+00
15,41,1.0000000000000000e+00
17,41,-1.0000000000000000e+00
16,42,4.9033669834113461e-02
17,42,-4.8662669985606886e-02
208,42,-7.0441647855068035e-01
16,43,-4.8662669985606880e-02
17,43,4.8294477205958433e-02
208,43,-7.0978688685144020e-01
16,44,-2.8751693002068554e-03
17,44,-2.8970893340875075e-03
16,45,1.0000000000000000e+00
18,45,-1.0000000000000000e+00
17,46,1.0000000000000000e+00
19,46,-1.0000000000000000e+00
18,47,4.8508119625301618e-02
19,47,-4.8663843447238168e-02
209,47,-7.0823905220569650e-01
18,48,-4.8663843447238168e-02
19,48,4.8820067183599450e-02
209,48,-7.0597269418213104e-01
18,49,-2.8907716416559006e-03
19,49,-2.8815212007433887e-03
18,50,1.0000000000000000e+00
20,50,-1.0000000000000000e+00
19,51,1.0000000000000000e+00
21,51,-1.0000000000000000e+00
20,52,4.8618910531397601e-02
21,52,-4.8664082510339761e-02
210,52,-7.0743503993371204e-01
20,53,-4.8664082510339768e-02
21,53,4.8709296458706142e-02
210,53,-7.0677836998169885e-01
20,54,-2.8874899589131069e-03
21,54,-2.8848096733946858e-03
20,55,1.0000000000000000e+00
22,55,-1.0000000000000000e+00
21,56,1.0000000000000000e+00
23,56,-1.0000000000000000e+00
22,57,4.9757120747174678e-02
23,57,-4.8651808331447235e-02
211,57,-6.9912058059734550e-01
22,58,-4.8651808331447242e-02
23,58,4.7571049497559220e-02
211,58,-7.1500378585377478e-01
22,59,-2.8535533901932436e-03
23,59,-2.9183827994031589e-03
22,60,1.0000000000000000e+00
24,60,-1.0000000000000000e+00
23,61,1.0000000000000000e+00
25,61,-1.0000000000000000e+00
24,62,4.8938209732132816e-02
25,62,-4.8663310346675134e-02
212,62,-7.0511238405361676e-01
24,63,-4.8663310346675127e-02
25,63,4.8389955146681915e-02
212,63,-7.0909556891453274e-01
24,64,-2.8780097308310853e-03
25,64,-2.8942676282225793e-03
24,65,1.0000000000000000e+00
26,65,-1.0000000000000000e+00
25,66,1.0000000000000000e+00
27,66,-1.0000000000000000e+00
26,67,4.8417645949857036e-02
27,67,-4.8663460965221061e-02
213,67,-7.0889494425646704e-01
26,68,-4.8663460965221068e-02
27,68,4.8910523976446740e-02
213,68,-7.0531408465138468e-01
26,69,-2.8934487520672091e-03
27,69,-2.8788329985770769e-03
26,70,1.0000000000000000e+00
28,70,-1.0000000000000000e+00
27,71,1.0000000000000000e+00
29,71,-1.0000000000000000e+00
28,72,4.9652475964376178e-02
29,72,-4.8654036654366392e-02
214,72,-6.9988903210335818e-01
28,73,-4.8654036654366399e-02
29,73,4.7675674511434576e-02
214,73,-7.1425159624702594e-01
28,74,-2.8566899269524791e-03
29,74,-2.9153126377429598e-03
28,75,1.0000000000000000e+00
30,75,-1.0000000000000000e+00
29,76,1.0000000000000000e+00
31,76,-1.0000000000000000e+00
30,77,4.8462608081918782e-02
31,77,-4.8663672088698588e-02
215,77,-7.0856906574231160e-01
30,78,-4.8663672088698595e-02
31,78,4.8865570279531242e-02
215,78,-7.0564146637868985e-01
30,79,-2.8921186356829012e-03
31,79,-2.8801692505252613e-03
30,80,1.0000000000000000e+00
32,80,-1.0000000000000000e+00
31,81,1.0000000000000000e+00
33,81,-1.0000000000000000e+00
32,82,4.8357663850823754e-02
33,82,-4.8663114728743496e-02
216,82,-7.0932945273183456e-01
32,83,-4.8663114728743496e-02
33,83,4.8970494985202104e-02
216,83,-7.0487710098084189e-01
32,84,-2.8952222560483009e-03
33,84,-2.8770493917585349e-03
32,85,1.0000000000000000e+00
34,85,-1.0000000000000000e+00
33,86,1.0000000000000000e+00
35,86,-1.0000000000000000e+00
34,87,4.7907168762478886e-02
35,87,-4.8658166823411696e-02
217,87,-7.1258447040678385e-01
34,88,-4.8658166823411703e-02
35,88,4.9420937612771054e-02
217,88,-7.0158632578969471e-01
34,89,-2.9085080424766652e-03
35,89,-2.8636176562844649e-03
34,90,1.0000000000000000e+00
36,90,-1.0000000000000000e+00
35,91,1.0000000000000000e+00
37,91,-1.0000000000000000e+00
36,92,4.7423420796842572e-02
37,92,-4.8648281067500493e-02
218,92,-7.1606380065379771e-01
36,93,-4.8648281067500493e-02
37,93,4.9904777239943396e-02
218,93,-6.9803483680489653e-01
36,94,-2.9227093904236607e-03
37,94,-2.8491217828771251e-03
36,95,1.0000000000000000e+00
38,95,-1.0000000000000000e+00
37,96,1.0000000000000000e+00
39,96,-1.0000000000000000e+00
38,97,4.9609242243613114e-02
39,97,-4.8654891535486008e-02
219,97,-7.0020626955834520e-01
38,98,-4.8654891535486008e-02
39,98,4.7718900012722568e-02
219,98,-7.1394059981989111e-01
38,99,-2.8579847737075282e-03
39,99,-2.9140432645709809e-03
38,100,1.0000000000000000e+00
40,100,-1.0000000000000000e+00
39,101,1.0000000000000000e+00
41,101,-1.0000000000000000e+00
40,102,4.9409606782884759e-02
41,102,-4.8658340662412272e-02
220,102,-7.0166928120282734e-01
40,103,-4.8658340662412279e-02
41,103,4.7918497437617669e-02
220,103,-7.1250278583055915e-01
40,104,-2.8639562498074551e-03
41,104,-2.9081746360430953e-03
40,105,1.0000000000000000e+00
42,105,-1.0000000000000000e+00
41,106,1.0000000000000000e+00
43,106,-1.0000000000000000e+00
42,107,4.9636574040341205e-02
43,107,-4.8654355574965308e-02
221,107,-7.0000573299214952e-01
42,108,-4.8654355574965315e-02
43,108,4.7691573445242670e-02
221,108,-7.1413722335285346e-01
42,109,-2.8571662571108109e-03
43,109,-2.9148458096034799e-03
42,110,1.0000000000000000e+00
44,110,-1.0000000000000000e+00
43,111,1.0000000000000000e+00
45,111,-1.0000000000000000e+00
44,112,4.7839414327866231e-02
45,112,-4.8657072073500118e-02
222,112,-7.1307281355967589e-01
44,113,-4.8657072073500125e-02
45,113,4.9488704994173016e-02
222,113,-7.0108998178699389e-01
44,114,-2.9105012798354086e-03
45,114,-2.8615917623958900e-03
44,115,1.0000000000000000e+00
46,115,-1.0000000000000000e+00
45,116,1.0000000000000000e+00
47,116,-1.0000000000000000e+00
46,117,4.7504092712261359e-02
47,117,-4.8650264050803992e-02
223,117,-7.1548474836378118e-01
46,118,-4.8650264050803985e-02
47,118,4.9824090032605545e-02
223,118,-6.9862835245845611e-01
46,119,-2.9203459116888993e-03
47,119,-2.8515442957487971e-03
46,120,1.0000000000000000e+00
48,120,-1.0000000000000000e+00
47,121,1.0000000000000000e+00
49,121,-1.0000000000000000e+00
48,122,4.7718490378106451e-02
49,122,-4.8654883620584254e-02
224,122,-7.1394354771685697e-01
48,123,-4.8654883620584247e-02
49,123,4.9609651968762367e-02
224,123,-7.0020326382663201e-01
48,124,-2.9140552968034946e-03
49,124,-2.8579725054148210e-03
48,125,1.0000000000000000e+00
50,125,-1.0000000000000000e+00
49,126,1.0000000000000000e+00
51,126,-1.0000000000000000e+00
50,127,4.9352266353386035e-02
51,127,-4.8659179826057303e-02
225,127,-7.0208893170923936e-01
50,128,-4.8659179826057303e-02
51,128,4.7975826771370397e-02
225,128,-7.1208927247317744e-01
50,129,-2.8656691090172999e-03
51,129,-2.9064868264211288e-03
50,130,1.0000000000000000e+00
52,130,-1.0000000000000000e+00
51,131,1.0000000000000000e+00
53,131,-1.0000000000000000e+00
52,132,4.9115476817925566e-02
53,132,-4.8661972141631371e-02
226,132,-7.0381955654086414e-01
52,133,-4.8661972141631371e-02
53,133,4.8212654872336856e-02
226,133,-7.1037879460934183e-01
52,134,-2.8727328838402586e-03
53,134,-2.8995052841197591e-03
52,135,1.0000000000000000e+00
54,135,-1.0000000000000000e+00
53,136,1.0000000000000000e+00
55,136,-1.0000000000000000e+00
54,137,4.7735031116038738e-02
55,137,-4.8655200365642359e-02
227,137,-7.1382450338422798e-01
54,138,-4.8655200365642352e-02
55,138,4.9593107352671105e-02
227,138,-7.0032462356271619e-01
54,139,-2.9135694015682738e-03
55,139,-2.8584678512763892e-03
54,140,1.0000000000000000e+00
56,140,-1.0000000000000000e+00
55,141,1.0000000000000000e+00
57,141,-1.0000000000000000e+00
56,142,4.8315199772050760e-02
57,142,-4.8662824870683338e-02
228,142,-7.0963690006305291e-01
56,143,-4.8662824870683338e-02
57,143,4.9012951112015729e-02
228,143,-7.0456757665173664e-01
56,144,-2.8964771431144983e-03
57,144,-2.8757860271499420e-03
56,145,1.0000000000000000e+00
58,145,-1.0000000000000000e+00
57,146,1.0000000000000000e+00
59,146,-1.0000000000000000e+00
58,147,4.9941180651101105e-02
59,147,-4.8647342238840839e-02
229,147,-6.9776689435304440e-01
58,148,-4.8647342238840846e-02
59,148,4.7387023615564648e-02
229,148,-7.1632489915184949e-01
58,149,-2.8480281402165045e-03
59,149,-2.9237750985789740e-03
58,150,1.0000000000000000e+00
60,150,-1.0000000000000000e+00
59,151,1.0000000000000000e+00
61,151,-1.0000000000000000e+00
60,152,4.5677276908034165e-02
61,152,-4.6738671795659700e-02
230,152,-7.1518071882006162e-01
60,153,-4.6738671795659700e-02
61,153,4.7824730130489934e-02
230,153,-6.9893958210135743e-01
60,154,-2.9191049747757584e-03
61,154,-2.8528146208218635e-03
60,155,1.0000000000000000e+00
62,155,-1.0000000000000000e+00
61,156,1.0000000000000000e+00
63,156,-1.0000000000000000e+00
62,157,4.8482676251690476e-02
63,157,-4.8663752901058281e-02
231,157,-7.0842356631947911e-01
62,158,-4.8663752901058281e-02
63,158,4.8845505848755327e-02
231,158,-7.0578753933686778e-01
62,159,-2.8915247604876662e-03
63,159,-2.8807654666810896e-03
62,160,1.0000000000000000e+00
64,160,-1.0000000000000000e+00
63,161,1.0000000000000000e+00
65,161,-1.0000000000000000e+00
64,162,4.9962190516531967e-02
65,162,-4.8646788482378509e-02
232,162,-6.9761221077697433e-01
64,163,-4.8646788482378522e-02
65,163,4.7366018286692638e-02
232,163,-7.1647554276113457e-01
64,164,-2.8473967786815245e-03
65,164,-2.9243899704536071e-03
64,165,1.0000000000000000e+00
66,165,-1.0000000000000000e+00
65,166,1.0000000000000000e+00
67,166,-1.0000000000000000e+00
66,167,4.8027233096084629e-02
67,167,-4.8659881532216259e-02
233,167,-7.1171832543742719e-01
66,168,-4.8659881532216252e-02
67,168,4.9300863657755649e-02
233,168,-7.0246496370747546e-01
66,169,-2.9049727568874546e-03
67,169,-2.8672039334998963e-03
66,170,1.0000000000000000e+00
68,170,-1.0000000000000000e+00
67,171,1.0000000000000000e+00
69,171,-1.0000000000000000e+00
68,172,4.9439261306437506e-02
69,172,-4.8657880109599275e-02
234,172,-7.0145215334187649e-01
68,173,-4.8657880109599282e-02
69,173,4.7888848542562153e-02
234,173,-7.1271654714342403e-01
68,174,-2.8630700136403090e-03
69,174,-2.9090471311976457e-03
68,175,1.0000000000000000e+00
70,175,-1.0000000000000000e+00
69,176,1.0000000000000000e+00
71,176,-1.0000000000000000e+00
70,177,4.9874578912808346e-02
71,177,-4.8649038926392989e-02
235,177,-6.9825702764018971e-01
70,178,-4.8649038926392982e-02
71,178,4.7453613445022934e-02
235,178,-7.1584713686029877e-01
70,179,-2.8500286842456689e-03
71,179,-2.9218250484093792e-03
70,180,1.0000000000000000e+00
72,180,-1.0000000000000000e+00
71,181,1.0000000000000000e+00
73,181,-1.0000000000000000e+00
72,182,4.9367689798482127e-02
73,182,-4.8658960728917025e-02
236,182,-7.0197607849020471e-01
72,183,-4.8658960728917018e-02
73,183,4.7960406267402181e-02
236,183,-7.1220052318677340e-01
72,184,-2.8652084836334854e-03
73,184,-2.9069409109664184e-03
72,185,1.0000000000000000e+00
74,185,-1.0000000000000000e+00
73,186,1.0000000000000000e+00
75,186,-1.0000000000000000e+00
74,187,4.6402508059300865e-02
75,187,-4.6749691829058040e-02
237,187,-7.0973728061474173e-01
74,188,-4.6749691829058047e-02
75,188,4.7099473229310282e-02
237,188,-7.0446645946105302e-01
74,189,-2.8968868596520037e-03
75,189,-2.8753733039226619e-03
74,190,1.0000000000000000e+00
76,190,-1.0000000000000000e+00
75,191,1.0000000000000000e+00
77,191,-1.0000000000000000e+00
76,192,4.9693782383699911e-02
77,192,-4.8653183950691105e-02
238,192,-6.9958580206392706e-01
76,193,-4.8653183950691105e-02
77,193,4.7634375871461729e-02
238,193,-7.1454860265105269e-01
76,194,-2.8554522533221481e-03
77,194,-2.9165249087798033e-03
76,195,1.0000000000000000e+00
78,195,-1.0000000000000000e+00
77,196,1.0000000000000000e+00
79,196,-1.0000000000000000e+00
78,197,4.8952383079739620e-02
79,197,-4.8663227095065271e-02
239,197,-7.0500910347875467e-01
78,198,-4.8663227095065271e-02
79,198,4.8375779120874041e-02
239,198,-7.0919825437749240e-01
78,199,-2.8775881774643014e-03
79,199,-2.8946867525611901e-03
78,200,1.0000000000000000e+00
80,200,-1.0000000000000000e+00
79,201,1.0000000000000000e+00
81,201,-1.0000000000000000e+00
80,202,4.9597899270641385e-02
81,202,-4.8655109468740375e-02
240,202,-7.0028947750968207e-01
80,203,-4.8655109468740375e-02
81,203,4.7730240841397965e-02
240,203,-7.1385898305562878e-01
80,204,-2.8583243979986989e-03
81,204,-2.9137101349209302e-03
80,205,1.0000000000000000e+00
82,205,-1.0000000000000000e+00
81,206,1.0000000000000000e+00
83,206,-1.0000000000000000e+00
82,207,4.8456036881508874e-02
83,207,-4.8663643830246031e-02
241,207,-7.0861670216479422e-01
82,208,-4.8663643830246024e-02
83,208,4.8872140258353347e-02
241,208,-7.0559362909049228e-01
82,209,-2.8923130700603812e-03
83,209,-2.8799739962877204e-03
82,210,1.0000000000000000e+00
84,210,-1.0000000000000000e+00
83,211,1.0000000000000000e+00
85,211,-1.0000000000000000e+00
84,212,4.9385040253834750e-02
85,212,-4.8658708471444996e-02
242,212,-7.0184910408976864e-01
84,213,-4.8658708471444989e-02
85,213,4.7943059232906537e-02
242,213,-7.1232565241495338e-01
84,214,-2.8646902207745623e-03
85,214,-2.9074516425100102e-03
84,215,1.0000000000000000e+00
86,215,-1.0000000000000000e+00
85,216,1.0000000000000000e+00
87,216,-1.0000000000000000e+00
86,217,4.7404706852871209e-02
87,217,-4.8647801816859154e-02
243,217,-7.1619805910742096e-01
86,218,-4.8647801816859161e-02
87,218,4.9923494495126591e-02
243,218,-6.9789708419706353e-01
86,219,-2.9232573841119188e-03
87,219,-2.8485595273349497e-03
86,220,1.0000000000000000e+00
88,220,-1.0000000000000000e+00
87,221,1.0000000000000000e+00
89,221,-1.0000000000000000e+00
88,222,4.7756392866912557e-02
89,222,-4.8655601833119816e-02
244,222,-7.1367073787990953e-01
88,223,-4.8655601833119809e-02
89,223,4.9571742077348047e-02
244,223,-7.0048131873301611e-01
88,224,-2.9129417872649334e-03
89,224,-2.8591074234000625e-03
88,225,1.0000000000000000e+00
90,225,-1.0000000000000000e+00
89,226,1.0000000000000000e+00
91,226,-1.0000000000000000e+00
90,227,4.7422451129449712e-02
91,227,-4.8648256409580662e-02
245,227,-7.1607075788824603e-01
90,228,-4.8648256409580662e-02
91,228,4.9905747073933859e-02
245,228,-6.9802769980664292e-01
90,229,-2.9227377872989599e-03
91,229,-2.8490926522720087e-03
90,230,1.0000000000000000e+00
92,230,-1.0000000000000000e+00
91,231,1.0000000000000000e+00
93,231,-1.0000000000000000e+00
92,232,4.8897246128337360e-02
93,232,-4.8663527664083252e-02
246,232,-7.0541079842465571e-01
92,233,-4.8663527664083245e-02
93,233,4.8430926324511139e-02
246,233,-7.0879870588615634e-01
92,234,-2.8792277486720608e-03
93,234,-2.8930559423924716e-03
92,235,1.0000000000000000e+00
94,235,-1.0000000000000000e+00
93,236,1.0000000000000000e+00
95,236,-1.0000000000000000e+00
94,237,4.9969139825115791e-02
95,237,-4.8646603218668039e-02
247,237,-6.9756103870377850e-01
94,238,-4.8646603218668032e-02
95,238,4.7359070278113161e-02
247,238,-7.1652536401896194e-01
94,239,-2.8471879130766435e-03
95,239,-2.9245933225263720e-03
94,240,1.0000000000000000e+00
96,240,-1.0000000000000000e+00
95,241,1.0000000000000000e+00
97,241,-1.0000000000000000e+00
96,242,4.8396207953298132e-02
97,242,-4.8663345605223646e-02
248,242,-7.0905027027162826e-01
96,243,-4.8663345605223653e-02
97,243,4.8931957805013443e-02
248,243,-7.0515793566245211e-01
96,244,-2.8940827358025609e-03
97,244,-2.8781956557651072e-03
96,245,1.0000000000000000e+00
98,245,-1.0000000000000000e+00
97,246,1.0000000000000000e+00
99,246,-1.0000000000000000e+00
98,247,4.9608400159935499e-02
99,247,-4.8654907801623015e-02
249,247,-7.0021244709204200e-01
98,248,-4.8654907801623029e-02
99,248,4.7719741929841665e-02
249,248,-7.1393454107318144e-01
98,249,-2.8580099881307802e-03
99,249,-2.9140185349925737e-03
98,250,1.0000000000000000e+00
100,250,-1.0000000000000000e+00
99,251,1.0000000000000000e+00
101,251,-1.0000000000000000e+00
100,252,4.9186940159519452e-02
101,252,-4.8661249945662018e-02
250,252,-7.0329769426816469e-01
100,253,-4.8661249945662011e-02
101,253,4.8141178097168377e-02
250,253,-7.1089545872588267e-01
100,254,-2.8706028337476077e-03
101,254,-2.9016141172484972e-03
100,255,1.0000000000000000e+00
102,255,-1.0000000000000000e+00
101,256,1.0000000000000000e+00
103,256,-1.0000000000000000e+00
102,257,4.9184458009373017e-02
103,257,-4.8661276789844672e-02
251,257,-7.0331582670689841e-01
102,258,-4.8661276789844679e-02
103,258,4.8143660714257019e-02
251,258,-7.1087751962176438e-01
102,259,-2.8706768437016228e-03
103,259,-2.9015408964153614e-03
102,260,1.0000000000000000e+00
104,260,-1.0000000000000000e+00
103,261,1.0000000000000000e+00
105,261,-1.0000000000000000e+00
104,262,4.8573840155216957e-02
105,262,-4.8664015783908082e-02
252,262,-7.0776222760873553e-01
104,263,-4.8664015783908082e-02
105,263,4.8754358820487564e-02
252,263,-7.0645072664009678e-01
104,264,-2.8888254188111622e-03
105,264,-2.8834723536330445e-03
104,265,1.0000000000000000e+00
106,265,-1.0000000000000000e+00
105,266,1.0000000000000000e+00
107,266,-1.0000000000000000e+00
106,267,4.9197520531026565e-02
107,267,-4.8661134101478806e-02
253,267,-7.0322039800743119e-01
106,268,-4.8661134101478813e-02
107,268,4.8130595739042950e-02
253,268,-7.1097192056105130e-01
106,269,-2.8702873388058380e-03
107,269,-2.9019262063716346e-03
106,270,1.0000000000000000e+00
108,270,-1.0000000000000000e+00
107,271,1.0000000000000000e+00
109,271,-1.0000000000000000e+00
108,272,4.9452545920060612e-02
109,272,-4.8657667945490438e-02
254,272,-7.0135486287192850e-01
108,273,-4.8657667945490445e-02
109,273,4.7875566481870371e-02
254,273,-7.1281228687916010e-01
108,274,-2.8626729096813373e-03
109,274,-2.9094379056292213e-03
108,275,1.0000000000000000e+00
110,275,-1.0000000000000000e+00
109,276,1.0000000000000000e+00
111,276,-1.0000000000000000e+00
110,277,4.8754599483592842e-02
111,277,-4.8664015138452726e-02
255,277,-7.0644897511025784e-01
110,278,-4.8664015138452726e-02
111,278,4.8573599095866032e-02
255,278,-7.0776397588861950e-01
110,279,-2.8834652045316611e-03
111,279,-2.8888325546474231e-03
110,280,1.0000000000000000e+00
112,280,-1.0000000000000000e+00
111,281,1.0000000000000000e+00
113,281,-1.0000000000000000e+00
112,282,4.9169456672960424e-02
113,282,-4.8661436328083570e-02
256,282,-7.0342540349485283e-01
112,283,-4.8661436328083570e-02
113,283,4.8158664865099503e-02
256,283,-7.1076909170144931e-01
112,284,-2.8711240958973552e-03
113,284,-2.9010983334752998e-03
112,285,1.0000000000000000e+00
114,285,-1.0000000000000000e+00
113,286,1.0000000000000000e+00
115,286,-1.0000000000000000e+00
114,287,4.8830773780336512e-02
115,287,-4.8663806775088081e-02
257,287,-7.0589477100043063e-01
114,288,-4.8663806775088095e-02
115,288,4.8497410679917169e-02
257,288,-7.0831671748889957e-01
114,289,-2.8812031469405298e-03
115,289,-2.8910886428118315e-03
114,290,1.0000000000000000e+00
116,290,-1.0000000000000000e+00
115,291,1.0000000000000000e+00
117,291,-1.0000000000000000e+00
116,292,4.8349537302247697e-02
117,292,-4.8663061995804648e-02
258,292,-7.0938829973784889e-01
116,293,-4.8663061995804655e-02
117,293,4.8978619753977236e-02
258,293,-7.0481787732366996e-01
116,294,-2.8954624479095837e-03
117,294,-2.8768076625455882e-03
116,295,1.0000000000000000e+00
118,295,-1.0000000000000000e+00
117,296,1.0000000000000000e+00
119,296,-1.0000000000000000e+00
118,297,4.7735292699299048e-02
119,297,-4.8655205691414821e-02
259,297,-7.1382262320319800e-01
118,298,-4.8655205691414828e-02
119,298,4.9592846445637273e-02
259,298,-7.0032653998210359e-01
118,299,-2.9135617273599885e-03
119,299,-2.8584756733963379e-03
118,300,1.0000000000000000e+00
120,300,-1.0000000000000000e+00
119,301,1.0000000000000000e+00
121,301,-1.0000000000000000e+00
120,302,4.9252586986221550e-02
121,302,-4.8660493987054965e-02
260,302,-7.0281796537327879e-01
120,303,-4.8660493987054958e-02
121,303,4.8075518870239628e-02
260,303,-7.1136974039423762e-01
120,304,-2.8686447566256242e-03
121,304,-2.9035499607928030e-03
120,305,1.0000000000000000e+00
122,305,-1.0000000000000000e+00
121,306,1.0000000000000000e+00
123,306,-1.0000000000000000e+00
122,307,4.8160264105834946e-02
123,307,-4.8661453061604097e-02
261,307,-7.1075753378024009e-01
122,308,-4.8661453061604104e-02
123,308,4.9167857735643236e-02
261,308,-7.0343708188766307e-01
122,309,-2.9010511582866910e-03
123,309,-2.8711717628067848e-03
122,310,1.0000000000000000e+00
124,310,-1.0000000000000000e+00
123,311,1.0000000000000000e+00
125,311,-1.0000000000000000e+00
124,312,4.8820343043432968e-02
125,312,-4.8663842544305551e-02
262,312,-7.0597068665756424e-01
124,313,-4.8663842544305544e-02
125,313,4.8507843729613365e-02
262,313,-7.0824105330053200e-01
124,314,-2.8815130067655647e-03
125,314,-2.8907798093899231e-03
124,315,1.0000000000000000e+00
126,315,-1.0000000000000000e+00
125,316,1.0000000000000000e+00
127,316,-1.0000000000000000e+00
126,317,4.7765021214312024e-02
127,317,-4.8655761293355387e-02
263,317,-7.1360861989965740e-01
126,318,-4.8655761293355387e-02
127,318,4.9563112228381750e-02
263,318,-7.0054460072496882e-01
126,319,-2.9126882444883940e-03
127,319,-2.8593657172447675e-03
126,320,1.0000000000000000e+00
128,320,-1.0000000000000000e+00
127,321,1.0000000000000000e+00
129,321,-1.0000000000000000e+00
128,322,4.8066923209366563e-02
129,322,-4.8660388474574233e-02
264,322,-7.1143180681431806e-01
128,323,-4.8660388474574226e-02
129,323,4.9261181045078178e-02
264,323,-7.0275513819033353e-01
128,324,-2.9038032931196622e-03
129,324,-2.8683883191442149e-03
128,325,1.0000000000000000e+00
130,325,-1.0000000000000000e+00
129,326,1.0000000000000000e+00
131,326,-1.0000000000000000e+00
130,327,4.9431988272364960e-02
131,327,-4.8657994737537055e-02
265,327,-7.0150541209069450e-01
130,328,-4.8657994737537055e-02
131,328,4.7896120197167838e-02
265,328,-7.1266412622459452e-01
130,329,-2.8632873962885458e-03
131,329,-2.9088331682636478e-03
130,330,1.0000000000000000e+00
132,330,-1.0000000000000000e+00
131,331,1.0000000000000000e+00
133,331,-1.0000000000000000e+00
132,332,4.7419392331178929e-02
133,332,-4.8648178508663327e-02
266,332,-7.1609270397861968e-01
132,333,-4.8648178508663320e-02
133,333,4.9908806415780889e-02
266,333,-6.9800518573187453e-01
132,334,-2.9228273631780361e-03
133,334,-2.8490007580892806e-03
132,335,1.0000000000000000e+00
134,335,-1.0000000000000000e+00
133,336,1.0000000000000000e+00
135,336,-1.0000000000000000e+00
134,337,4.8130091401012987e-02
135,337,-4.8661128527911629e-02
267,337,-7.1097556443781096e-01
134,338,-4.8661128527911629e-02
135,338,4.9198024784139455e-02
267,338,-7.0321671394552066e-01
134,339,-2.9019410793380005e-03
135,339,-2.8702723018184484e-03
134,340,1.0000000000000000e+00
136,340,-1.0000000000000000e+00
135,341,1.0000000000000000e+00
137,341,-1.0000000000000000e+00
136,342,4.9214277740967483e-02
137,342,-4.8660945918415646e-02
268,342,-7.0309795866536084e-01
136,343,-4.8660945918415653e-02
137,343,4.8113835382041399e-02
268,343,-7.1109300412857557e-01
136,344,-2.8697875863892244e-03
137,344,-2.9024204250145905e-03
136,345,1.0000000000000000e+00
138,345,-1.0000000000000000e+00
137,346,1.0000000000000000e+00
139,346,-1.0000000000000000e+00
138,347,4.7716174064319723e-02
139,347,-4.8654838763996150e-02
269,347,-7.1396021636167728e-01
138,348,-4.8654838763996157e-02
139,348,4.9611968720699035e-02
269,348,-7.0018626768366932e-01
138,349,-2.9141233320884754e-03
139,349,-2.8579031334027287e-03
138,350,1.0000000000000000e+00
140,350,-1.0000000000000000e+00
139,351,1.0000000000000000e+00
141,351,-1.0000000000000000e+00
140,352,4.9077602908002282e-02
141,352,-4.8662312277263350e-02
270,352,-7.0409597417185021e-01
140,353,-4.8662312277263350e-02
141,353,4.8250535801612648e-02
270,353,-7.1010482265296115e-01
140,354,-2.8738611190687732e-03
141,354,-2.8983870312365729e-03
140,355,1.0000000000000000e+00
142,355,-1.0000000000000000e+00
141,356,1.0000000000000000e+00
143,356,-1.0000000000000000e+00
142,357,4.8872373378342382e-02
143,357,-4.8663642798827907e-02
271,357,-7.0559193154855626e-01
142,358,-4.8663642798827907e-02
143,358,4.8455803693408378e-02
271,358,-7.0861839246069358e-01
142,359,-2.8799670675451242e-03
143,359,-2.8923199692273173e-03
142,360,1.0000000000000000e+00
144,360,-1.0000000000000000e+00
143,361,1.0000000000000000e+00
145,361,-1.0000000000000000e+00
144,362,4.8599506135369494e-02
145,362,-4.8664058955942405e-02
272,362,-7.0757592479422260e-01
144,363,-4.8664058955942412e-02
145,363,4.8728697519498612e-02
272,363,-7.0663732610979513e-01
144,364,-2.8880649991600889e-03
145,364,-2.8842339841216092e-03
144,365,1.0000000000000000e+00
146,365,-1.0000000000000000e+00
145,366,1.0000000000000000e+00
147,366,-1.0000000000000000e+00
146,367,4.8424212606229790e-02
147,367,-4.8663494427880427e-02
273,367,-7.0884735977234137e-01
146,368,-4.8663494427880427e-02
147,368,4.8903958628904780e-02
273,368,-7.0536190749414640e-01
146,369,-2.8932545296830228e-03
147,369,-2.8790281938536554e-03
146,370,1.0000000000000000e+00
148,370,-1.0000000000000000e+00
147,371,1.0000000000000000e+00
149,371,-1.0000000000000000e+00
148,372,4.8934513073151123e-02
149,372,-4.8663331359690018e-02
274,372,-7.0513931880330216e-01
148,373,-4.8663331359690018e-02
149,373,4.8393652461258610e-02
274,373,-7.0906878444733057e-01
148,374,-2.8781196685849033e-03
149,374,-2.8941583038666519e-03
148,375,1.0000000000000000e+00
150,375,-1.0000000000000000e+00
149,376,1.0000000000000000e+00
151,376,-1.0000000000000000e+00
150,377,4.8466288183869735e-02
151,377,-4.8663687527560777e-02
275,377,-7.0854238628691635e-01
150,378,-4.8663687527560777e-02
151,378,4.8861890863105703e-02
275,378,-7.0566825551022372e-01
150,379,-2.8920097399465941e-03
151,379,-2.8802785939192770e-03
150,380,1.0000000000000000e+00
152,380,-1.0000000000000000e+00
151,381,1.0000000000000000e+00
153,381,-1.0000000000000000e+00
152,382,4.8447622403285089e-02
153,382,-4.8663606350849438e-02
276,382,-7.0867769634535105e-01
152,383,-4.8663606350849445e-02
153,383,4.8880553174676669e-02
276,383,-7.0553236828840571e-01
152,384,-2.8925620258993885e-03
153,384,-2.8797239521975711e-03
152,385,1.0000000000000000e+00
154,385,-1.0000000000000000e+00
153,386,1.0000000000000000e+00
155,386,-1.0000000000000000e+00
154,387,4.9347594103826185e-02
155,387,-4.8659245263510016e-02
277,387,-7.0212311516720716e-01
154,388,-4.8659245263510016e-02
155,388,4.7980498190707974e-02
277,388,-7.1205556745797349e-01
154,389,-2.8658086333355360e-03
155,389,-2.9063492549305007e-03
154,390,1.0000000000000000e+00
156,390,-1.0000000000000000e+00
155,391,1.0000000000000000e+00
157,391,-1.0000000000000000e+00
156,392,4.9450856850510337e-02
157,392,-4.8657695119277637e-02
278,392,-7.0136723357558994e-01
156,393,-4.8657695119277623e-02
157,393,4.7877255220829196e-02
278,393,-7.1280011480535266e-01
156,394,-2.8627234023493433e-03
157,394,-2.9093882236953137e-03
156,395,1.0000000000000000e+00
158,395,-1.0000000000000000e+00
157,396,1.0000000000000000e+00
159,396,-1.0000000000000000e+00
158,397,4.7754492583686692e-02
159,397,-4.8655566615953466e-02
279,397,-7.1368441861884546e-01
158,398,-4.8655566615953473e-02
159,398,4.9573642910577087e-02
279,398,-7.0046738012607013e-01
158,399,-2.9129976270156925e-03
159,399,-2.8590505311268137e-03
158,400,1.0000000000000000e+00
160,400,-1.0000000000000000e+00
159,401,1.0000000000000000e+00
161,401,-1.0000000000000000e+00
160,402,4.9722334310410010e-02
161,402,-4.8652574054005790e-02
280,402,-6.9937612592431186e-01
160,403,-4.8652574054005790e-02
161,403,4.7605829350311546e-02
280,403,-7.1475382789258357e-01
160,404,-2.8545964323441267e-03
161,404,-2.9173625628268682e-03
160,405,1.0000000000000000e+00
162,405,-1.0000000000000000e+00
161,406,1.0000000000000000e+00
163,406,-1.0000000000000000e+00
162,407,4.7647450103957129e-02
163,407,-4.8653457694925344e-02
281,407,-7.1445459039816128e-01
162,408,-4.8653457694925344e-02
163,408,4.9680705693740723e-02
281,408,-6.9968181215392156e-01
162,409,-2.9161411852986138e-03
163,409,-2.8558441312404926e-03
162,410,1.0000000000000000e+00
164,410,-1.0000000000000000e+00
163,411,1.0000000000000000e+00
165,411,-1.0000000000000000e+00
164,412,4.9252383685718187e-02
165,412,-4.8660496476658363e-02
282,412,-7.0281945162868864e-01
164,413,-4.8660496476658370e-02
165,413,4.8075722232333085e-02
282,413,-7.1136827200287034e-01
164,414,-2.8686508229742360e-03
165,414,-2.9035439673586508e-03
164,415,1.0000000000000000e+00
166,415,-1.0000000000000000e+00
165,416,1.0000000000000000e+00
167,416,-1.0000000000000000e+00
166,417,4.7688800132166975e-02
167,417,-4.8654300274326934e-02
283,417,-7.1415717486339214e-01
166,418,-4.8654300274326941e-02
167,418,4.9639347784462773e-02
283,418,-6.9998537812667083e-01
166,419,-2.9149272443403725e-03
167,419,-2.8570831760272243e-03
166,420,1.0000000000000000e+00
168,420,-1.0000000000000000e+00
167,421,1.0000000000000000e+00
169,421,-1.0000000000000000e+00
168,422,4.9565917467822476e-02
169,422,-4.8655709663877542e-02
284,422,-7.0052403102761629e-01
168,423,-4.8655709663877535e-02
169,423,4.7762216535836691e-02
284,423,-7.1362881244581156e-01
168,424,-2.8592817592963896e-03
169,424,-2.9127706630441255e-03
168,425,1.0000000000000000e+00
170,425,-1.0000000000000000e+00
169,426,1.0000000000000000e+00
171,426,-1.0000000000000000e+00
170,427,4.8589285792526124e-02
171,427,-4.8664043410900915e-02
285,427,-7.0765011771430764e-01
170,428,-4.8664043410900922e-02
171,428,4.8738916048490663e-02
285,428,-7.0656302684114924e-01
170,429,-2.8883678274053337e-03
171,429,-2.8839307218006057e-03
170,430,1.0000000000000000e+00
172,430,-1.0000000000000000e+00
171,431,1.0000000000000000e+00
173,431,-1.0000000000000000e+00
172,432,4.9847248352300449e-02
173,432,-4.8649708589841190e-02
286,432,-6.9845805690511187e-01
172,433,-4.8649708589841190e-02
173,433,4.7480938750097346e-02
286,433,-7.1565099227509998e-01
172,434,-2.8508492118575961e-03
173,434,-2.9210244582657109e-03
172,435,1.0000000000000000e+00
174,435,-1.0000000000000000e+00
173,436,1.0000000000000000e+00
175,436,-1.0000000000000000e+00
174,437,4.9612749067099698e-02
175,437,-4.8654823565012141e-02
287,437,-7.0018054233952443e-01
174,438,-4.8654823565012148e-02
175,438,4.7715393737621230e-02
287,438,-7.1396583120561818e-01
174,439,-2.8578797646511165e-03
175,439,-2.9141462498188464e-03
174,440,1.0000000000000000e+00
176,440,-1.0000000000000000e+00
175,441,1.0000000000000000e+00
177,441,-1.0000000000000000e+00
176,442,4.7747214252763868e-02
177,442,-4.8655430688415845e-02
288,442,-7.1373681264459021e-01
176,443,-4.8655430688415845e-02
177,443,4.9580922626039997e-02
288,443,-7.0041399348952282e-01
176,444,-2.9132114801819972e-03
177,444,-2.8588326264878451e-03
176,445,1.0000000000000000e+00
178,445,-1.0000000000000000e+00
177,446,1.0000000000000000e+00
179,446,-1.0000000000000000e+00
178,447,4.7695106130622007e-02
179,447,-4.8654425694926555e-02
289,447,-7.1411180735527569e-01
178,448,-4.8654425694926548e-02
179,448,4.9633040614690371e-02
289,448,-7.0003166113810977e-01
178,449,-2.9147420708378565e-03
179,449,-2.8572720862779957e-03
178,450,1.0000000000000000e+00
180,450,-1.0000000000000000e+00
179,451,1.0000000000000000e+00
181,451,-1.0000000000000000e+00
180,452,4.7427252618087196e-02
181,452,-4.8648378279593125e-02
290,452,-7.1603630690506481e-01
180,453,-4.8648378279593132e-02
181,453,4.9900944680312781e-02
290,453,-6.9806303955570936e-01
180,454,-2.9225971710410774e-03
181,454,-2.8492368961457490e-03
180,455,1.0000000000000000e+00
182,455,-1.0000000000000000e+00
181,456,1.0000000000000000e+00
183,456,-1.0000000000000000e+00
182,457,4.8774369621597508e-02
183,457,-4.8663972658875697e-02
291,457,-7.0630518079916527e-01
182,458,-4.8663972658875704e-02
183,458,4.8553825571026138e-02
291,458,-7.0790747388077402e-01
182,459,-2.8828782889761813e-03
183,459,-2.8894182607378496e-03
182,460,1.0000000000000000e+00
184,460,-1.0000000000000000e+00
183,461,1.0000000000000000e+00
185,461,-1.0000000000000000e+00
184,462,4.8572719717932415e-02
185,462,-4.8664013573425161e-02
292,462,-7.0777035933381627e-01
184,463,-4.8664013573425161e-02
185,463,4.8755479018404713e-02
292,463,-7.0644257972497726e-01
184,464,-2.8888586095257773e-03
185,464,-2.8834391009182709e-03
184,465,1.0000000000000000e+00
186,465,-1.0000000000000000e+00
185,466,1.0000000000000000e+00
187,466,-1.0000000000000000e+00
186,467,4.7985111444942934e-02
187,467,-4.8659309016875797e-02
293,467,-7.1202227745156188e-01
186,468,-4.8659309016875797e-02
187,468,4.9342979159618876e-02
293,468,-7.0215687450361930e-01
186,469,-2.9062133773533104e-03
187,469,-2.8659464265453813e-03
186,470,1.0000000000000000e+00
188,470,-1.0000000000000000e+00
187,471,1.0000000000000000e+00
189,471,-1.0000000000000000e+00
188,472,4.8574349819358334e-02
189,472,-4.8664016774722714e-02
294,472,-7.0775852857674426e-01
188,473,-4.8664016774722714e-02
189,473,4.8753849252897288e-02
294,473,-7.0645443251980666e-01
188,474,-2.8888103207214016e-03
189,474,-2.8834874796726767e-03
188,475,1.0000000000000000e+00
190,475,-1.0000000000000000e+00
189,476,1.0000000000000000e+00
191,476,-1.0000000000000000e+00
190,477,4.9807102476186346e-02
191,477,-4.8650664540812218e-02
295,477,-6.9875324505765490e-01
190,478,-4.8650664540812211e-02
191,478,4.7521077167544397e-02
295,478,-7.1536277686317784e-01
190,479,-2.8520540614598126e-03
191,479,-2.9198480688292939e-03
190,480,1.0000000000000000e+00
192,480,-1.0000000000000000e+00
191,481,1.0000000000000000e+00
193,481,-1.0000000000000000e+00
192,482,4.8906800347674723e-02
193,482,-4.8663479863793505e-02
296,482,-7.0534120706785741e-01
192,483,-4.8663479863793505e-02
193,483,4.8421369944853271e-02
296,483,-7.0886795781164891e-01
192,484,-2.8789437023177817e-03
193,484,-2.8933386033128494e-03
192,485,1.0000000000000000e+00
194,485,-1.0000000000000000e+00
193,486,1.0000000000000000e+00
195,486,-1.0000000000000000e+00
194,487,4.8516946643902395e-02
195,487,-4.8663871750551702e-02
297,487,-7.0817502785052155e-01
194,488,-4.8663871750551702e-02
195,488,4.8811241794247888e-02
297,488,-7.0603691824784420e-01
194,489,-2.8905103177572274e-03
195,489,-2.8817833397871157e-03
194,490,1.0000000000000000e+00
196,490,-1.0000000000000000e+00
195,491,1.0000000000000000e+00
197,491,-1.0000000000000000e+00
196,492,4.7566400630670164e-02
197,492,-4.8651704081581544e-02
298,492,-7.1503718988885245e-01
196,493,-4.8651704081581537e-02
197,493,4.9761770465255178e-02
298,493,-6.9908641602870036e-01
196,494,-2.9185191424034758e-03
197,494,-2.8534139429742837e-03
196,495,1.0000000000000000e+00
197,496,1.0000000000000000e+00
299,497,1.0000000000000000e+00
299,498,0.0000000000000000e+00
